Symfony - 0 - Initiation,66661
tinky-winkey,60814
C Piscine C 00,94824
C Piscine C 01,94859
C Piscine C 02,100977
C Piscine C 03,94841
C Piscine C 04,100959
C Piscine C 05,100968
C Piscine C 06,100941
C Piscine C 07,100950
C Piscine C 08,100925
C Piscine C 09,100933
C Piscine C 10,100909
C Piscine C 11,100917
C Piscine C 12,112117
C Piscine C 13,112126
C Piscine Shell 00,91169
C Piscine Shell 01,94816
ft_transcendence,102845
42run,60855
42SEOUL_TEST,23840
42sh,60887
Abstract_data,88742
abstract-vm,55987
Apprentissage 1 an,51496
Apprentissage 1 an > Contract Upload,15527
Apprentissage 1 an > Apprentissage 1 an - 1,28473
Apprentissage 1 an > Apprentissage 1 an - 2,35219
Apprentissage 1 an > Apprentissage 1 an - 3,31729
Apprentissage 1 an > Apprentissage 1 an - 4,32030
Apprentissage 1 an > Apprentissage 1 an - Begin evaluation,37029
Apprentissage 1 an > Apprentissage 1 an - Final evaluation,15531
Apprentissage 2 ans - 1ère année,51504
Apprentissage 2 ans - 1ère année > Contract Upload,15124
Apprentissage 2 ans - 1ère année > Apprentissage 2 ans - 1ère année - 1,29059
Apprentissage 2 ans - 1ère année > Apprentissage 2 ans - 1ère année - 2,23602
Apprentissage 2 ans - 1ère année > Apprentissage 2 ans - 1ère année - 3,32805
Apprentissage 2 ans - 1ère année > Apprentissage 2 ans - 1ère année - 4,27655
Apprentissage 2 ans - 1ère année > Apprentissage 2 ans - 1ère année - Begin evaluation,37031
Apprentissage 2 ans - 1ère année > Apprentissage 2 ans - 1ère année - Annual Evaluation,37033
Apprentissage 2 ans - 2ème année,51512
Apprentissage 2 ans - 2ème année > Contract Upload,15511
Apprentissage 2 ans - 2ème année > Apprentissage 2 ans - 2ème année - 1,19446
Apprentissage 2 ans - 2ème année > Apprentissage 2 ans - 2ème année - 2,33293
Apprentissage 2 ans - 2ème année > Apprentissage 2 ans - 2ème année - 3,19450
Apprentissage 2 ans - 2ème année > Apprentissage 2 ans - 2ème année - 4,33044
Apprentissage 2 ans - 2ème année > Apprentissage 2 ans - 2ème année - Mid evaluation,37037
Apprentissage 2 ans - 2ème année > Apprentissage 2 ans - 2ème année - Final evaluation,15515
avaj-launcher,81766
Bgp At Doors of Autonomous Systems is Simple,68564
bomberman,61525
boot2root,75162
Born2beroot,102829
camagru,72690
cloud-1,84718
computorv1,67770
computorv2,60848
corewar,60869
Cow-Neck-TID,31601
CPP Module 00,102831
CPP Module 01,102832
CPP Module 02,102833
CPP Module 03,102834
CPP Module 04,102835
CPP Module 05,102836
CPP Module 06,102837
CPP Module 07,102838
CPP Module 08,102839
CPP Module 09,101923
cub3d,102840
Cybersecurity,83768
Cybersecurity - arachnida - Web,86432
Cybersecurity - ft_onion - Web,86434
Cybersecurity - ft_otp - OTP,86433
Cybersecurity - Inquisitor - Network,86437
Cybersecurity - Reverse me - Rev,86435
Cybersecurity - Stockholm - Malware,86436
Cybersecurity - Vaccine - Web,86438
darkly,75351
Data Science - 0,86446
Data Science - 1,86274
Data Science - 2,86273
Data Science - 3,86443
Data Science - 4,86442
death,60180
[DEPRECATED] ML Module 00,54998
[DEPRECATED] ML Module 01,54999
[DEPRECATED] ML Module 02,55000
[DEPRECATED] ML Module 03,55001
[DEPRECATED] ML Module 04,66258
[DEPRECATED] Piscine Swift iOS > Day 00,102808
[DEPRECATED] Piscine Swift iOS > Day 01,102810
[DEPRECATED] Piscine Swift iOS > Day 02,102812
[DEPRECATED] Piscine Swift iOS > Day 03,102816
[DEPRECATED] Piscine Swift iOS > Day 04,102814
[DEPRECATED] Piscine Swift iOS > Day 05,102818
[DEPRECATED] Piscine Swift iOS > Day 06,102820
[DEPRECATED] Piscine Swift iOS > Day 07,102822
[DEPRECATED] Piscine Swift iOS > Day 08,102824
[DEPRECATED] Piscine Swift iOS > Day 09,102826
[DEPRECATED] Python Module 00,86194
[DEPRECATED] Python Module 01,54994
[DEPRECATED] Python Module 02,54995
[DEPRECATED] Python Module 03,54996
[DEPRECATED] Python Module 04,54997
Django - 0 - Initiation,96058
Django - 0 - Oob,96062
Django - 0 - Starting,96060
Django - 1 - Base Django,96066
Django - 1 - Lib,96064
Django - 2 - SQL,96068
Django - 3 - Advanced,111322
Django - 3 - Final,64997
Django - 3 - Sessions,96070
doom-nukem,65500
drivers-and-interrupts,60901
dr-quine,62899
dslr,60816
expert-system,72131
famine,79560
FdF,102856
filesystem,60895
fix-me,60880
fract-ol,102857
FR Apprentissage RNCP 6 - 1 an,79993
FR Apprentissage RNCP 6 - 2 ans,79995
FR Apprentissage RNCP 7 - 1 an,79996
FR Apprentissage RNCP 7 - 2 ans,79997
freddie-mercury,55961
ft_ality,60883
ft_containers,88730
ft_hangouts,106628
ft_irc,102841
ft_kalman,60863
ft_linear_regression,102858
ft_linux,75347
ft_ls,61383
ft_malcolm,95200
ft_minecraft,63954
ft_newton,60852
ft_nmap,69396
ft_ping,100883
ft_printf,102774
ft_script,56858
ft_select,55951
ft_server,55804
ft_services,102842
ft_shield,60810
ft_ssl_des,68566
ft_ssl_md5,106627
ft_ssl_rsa,88500
ft_traceroute,106626
ft_turing,62357
ft_vox,60859
gbmu,60892
get_next_line,102775
gomoku,68748
guimp,60889
h42n42,83108
humangl,60884
hypertube,88727
Inception,110244
Inception-of-Things,66725
Internship I,72569
Internship I > internship I - Contract Upload,45180
Internship I > Internship I - Duration,30775
Internship I > internship I - Company Mid Evaluation,83085
Internship I > internship I - Company Final Evaluation,109388
Internship I > Internship I - Peer Video,28382
Internship II,102847
Internship II > Internship II - Duration,33959
Internship II > Internship II - Company Mid Evaluation,83093
Internship II > Internship II - Company Final Evaluation,83091
Internship II > Internship II - Peer Video,33963
in-the-shadows,60851
kfs-1,60900
kfs-2,64575
kfs-3,109367
kfs-4,64577
kfs-5,64578
kfs-6,60894
kfs-7,60904
kfs-8,60902
kfs-9,60898
kfs-x,78392
krpsim,60875
Leaffliction,86262
lem_in,67419
lem-ipc,60878
libasm,75352
Libft,102770
little-penguin-1,60896
malloc,107834
matcha,88549
matrix,113261
matt-daemon,60873
miniRT,102850
minishell,102776
minitalk,102848
Mobile,95370
Mobile - 0 - Basic of the mobile application,88939
Mobile - 1 - Structure and logic,88528
Mobile - 2 - API and data,83055
Mobile - 3 - Design,83056
Mobile - 4 - Auth and dataBase,83057
Mobile - 5 - Manage data and display,83058
mod1,60868
multilayer-perceptron,112646
music-room,72692
NetPractice,102849
nibbler,60850
nm,98835
n-puzzle,70110
Old-IRC,24329
Old-Philosophers,35366
Open Project,53778
Open Project > Open Project - Define your Subject,82242
Open Project > Open Project - Complete the project,82244
(Optional) Cybersecurity - Iron Dome - Malware,77823
override,81772
particle-system,60885
Part_Time I,71487
Part_Time I > Part_Time I - Contract Upload,71485
Part_Time I > Part_Time I - Duration,34192
Part_Time I > Part_Time I Company Mid Evaluation,11966
Part_Time I > Part_Time I Company Final Evaluation,11958
Part_Time II,33903
Part_Time II > Part_Time II - Duration,34048
Part_Time II > Part_Time II - Company Mid Evaluation,11964
Part_Time II > Part_Time II - Company Final Evaluation,11956
pestilence,60801
Philosophers,102777
pipex,102851
Piscine Data Science,95527
Piscine Django,95417
Piscine Object,81270
Piscine Object - Module 00 - Encapsulation,88947
Piscine Object - Module 01 - Relationship,109506
Piscine Object - Module 02 - UML,109505
Piscine Object - Module 03 - SMART,104801
Piscine Object - Module 04 - Design Pattern,101072
Piscine Object - Module 05 - Practical work,86265
Piscine RoR,95536
Piscine Symfony,104800
process-and-memory,60911
push_swap,102828
Python - 0 - Starting,101649
Python - 1 - Array,88179
Python - 2 - DataTable,82033
Python - 3 - OOP,82034
Python - 4 - Dod,82035
Python for Data Science,95528
rainfall,66683
ready set boole,113517
red-tetris,72691
RoR - 0 - Initiation,59695
RoR - 0 - Oob,88180
RoR - 0 - Starting,87963
RoR - 1 - Base Rails,59703
RoR - 1 - Gems,89150
RoR - 2 - SQL,96837
RoR - 3 - Advanced,97707
RoR - 3 - Final,97983
RoR - 3 - Sessions,97709
rt,60860
rubik,63960
Rushes > Hotrace,66673
Rushes > AlCu,65613
Rushes > Wong kar Wai,65618
Rushes > yasl,65619
Rushes > wordle,65621
Rushes > Connect4,52025
Rushes > Retro-MFA,56421
Rushes > ft_shmup,58705
scop,60886
shaderpixel,96629
snow-crash,67418
so_long,102852
Startup Internship,72570
Startup Internship > Startup Internship - Contract Upload,30740
Startup Internship > Startup Internship - Duration,30741
Startup Internship > Startup Internship - Tutor Mid Evaluation,30742
Startup Internship > Startup Internship - Tutor Final Evaluation,30745
Startup Internship > Startup Internship - Peer Video,30748
strace,65612
swifty-companion,88546
swifty-proteins,88547
swingy,60879
Symfony - 0 - Oob,66667
Symfony - 0 - Starting,65673
Symfony - 1 - Base Symfony,66401
Symfony - 1 - Composer,59683
Symfony - 2 - SQL,66419
Symfony - 3 - Advanced,66669
Symfony - 3 - Final,66671
Symfony - 3 - Sessions,66372
taskmaster,60882
Tokenizer,95346
total-perspective-vortex,83234
Unity - 0 - The basics Unity tools,85440
Unity - 1 - 3D physics, Tags, Layers and Scene,102854
Unity - 2 - 2D environment, tiles and sprites,102853
Unity - 3 - Advanced inputs and 2D GUI,85443
Unity - 4 - Animations and Sound,102855
Unity - 5 - Singleton, playerPrefs and coroutines,85445
Unity - 6 - Navmesh, light, sound and camera,102859
UnleashTheBox,94609
userspace_digressions,60912
war,60803
webserv,103035
woody-woodpacker,79590
xv,60856
zappy,90787
[Event]April_2023,81425
